smith,smith,smith.smith@hotmail.com,fd3eee34o1rufty5
smith,johnson,smith.johnson@yahoo.com,034eo1ruee3454i9
smith,williams,smith.williams@gmail.com,ee34034efd3eee34
smith,jones,smith.jones@hotmail.com,034eaaz2fd3eo1ru
smith,brown,smith.brown@gmail.com,034eee34034e034e
smith,davis,smith.davis@gmail.com,fd3efty5aaz254i9
smith,miller,smith.miller@gmail.com,034eee34034efd3e
smith,wilson,smith.wilson@yahoo.com,54i954i9o1ruo1ru
smith,moore,smith.moore@gmail.com,ee34o1ruaaz2aaz2
smith,taylor,smith.taylor@hotmail.com,o1ruaaz2fd3eee34
